<?xml version="1.0" encoding="UTF-8"?>
<faces-config xmlns="http://xmlns.jcp.org/xml/ns/javaee"
	xmlns:xsi="http://www.w3.org/2001/XMLSchema-instance"
	xsi:schemaLocation="http://xmlns.jcp.org/xml/ns/javaee http://xmlns.jcp.org/xml/ns/javaee/web-facesconfig_2_2.xsd"
	version="2.2">

	<navigation-rule>
		<display-name>login.xhtml</display-name>
		<from-view-id>/login.xhtml</from-view-id>
		<navigation-case>
			<from-outcome>inicio</from-outcome>
			<to-view-id>/inicio.xhtml</to-view-id>
		</navigation-case>
	</navigation-rule>
	<navigation-rule>
		<display-name>login.xhtml</display-name>
		<from-view-id>/login.xhtml</from-view-id>
		<navigation-case>
			<from-outcome>errorlogin</from-outcome>
			<to-view-id>/errorlogin.xhtml</to-view-id>
		</navigation-case>
	</navigation-rule>

</faces-config>
